thank,(ç„¡) ã‹ã‚“ã—ã‚ƒã™ã‚‹,ğŸ˜€
think,(ç„¡) ã‹ã‚“ãŒãˆã‚‹,ğŸ¤”
three,(ç„¡) 3,ğŸ•’
third,(ç„¡) 3ã°ã‚“ã‚,ğŸ¥‰
Thursday,(ç„¡) ã‚‚ãã‚ˆã†ã³,ğŸ“†
birthday,(ç„¡) ãŸã‚“ã˜ã‚‡ã†ã³,ğŸ‚
thigh,(ç„¡) ãµã¨ã‚‚ã‚‚,ğŸ¦µ
thief,(ç„¡) ã©ã‚ã¼ã†,ğŸ¥·
this,(æœ‰) ã“ã‚Œ,ğŸ‘‰ğŸ“˜
they,(æœ‰) ã‹ã‚Œã‚‰,ğŸ‘¨â€ğŸ‘¨â€ğŸ‘¦â€ğŸ‘¦
father,(æœ‰) ã¡ã¡ãŠã‚„,ğŸ‘¨â€ğŸ‘¦
brother,(æœ‰) ãã‚‡ã†ã ã„,ğŸ‘©â€ğŸ‘¦â€ğŸ‘¦
weather,(æœ‰) ã¦ã‚“ã,â›…
feather,(æœ‰) ã¯ã­,ğŸª¶
breath,(ç„¡) ã„ã,ğŸ˜®â€ğŸ’¨
earth,(ç„¡) ã¡ãã‚…ã†,ğŸŒ
north,(ç„¡) ããŸ,ğŸ§­
south,(ç„¡) ã¿ãªã¿,ğŸ§­
mouth,(ç„¡) ãã¡,ğŸ‘„
tooth,(ç„¡) ã¯,ğŸ¦·
